"Minimum_Pct","Median_Pct","Maximum_Pct","geometry"
9.1,21.55,53.3,list(list(c(-123.664993, -123.663013, -123.659517, -123.65773, -123.650637, -123.644987, -123.64295, -123.641389, -123.64134, -123.642355, -123.64362, -123.645909, -123.648969, -123.664749, -123.664993, 46.242691, 46.242576, 46.243493, 46.243367, 46.244072, 46.246071, 46.246304, 46.247204, 46.247981, 46.248754, 46.248936, 46.248494, 46.248461, 46.24431, 46.242691)), list(c(-124.036174, -124.028331, -124.025003, -124.018586, -124.011218, -124.008929, -124.008841, -124.013832, -124.016684, -124.020328, 
-124.021516, -124.02402, -124.025607, -124.025439, -124.031183, -124.032609, -124.035223, -124.036174, 46.281523, 46.273967, 46.274131, 46.271995, 46.265752, 46.26557, 46.26723, 46.27331, 46.279388, 46.282975, 46.286917, 46.290834, 46.290697, 46.284567, 46.28333, 46.284973, 46.285137, 46.281523)), list(c(-119.360121480893, -119.324182599298, -119.251033, -119.231876, -119.20828, -119.001022, -118.87093491704, -118.829630206433, -118.795612, -118.777228, -118.775869, -118.696409, -118.644698465629, 
-118.628692114981, -118.601806, -118.542011154297, -118.501002, -118.32663226999, -118.197369215928, -118.197189, -118.123944939374, -118.07454759326, -118.071494244081, -117.873467, -117.737792142868, -117.705780984811, -117.662083295809, -117.658229995888, -117.625973, -117.623731, -117.6171880341, -117.613207836252, -117.530197396566, -117.506681810353, -117.443062, -117.403613, -117.217551, -117.197798, -117.068613, -117.055402, -117.04891, -117.040906, -117.026197, -117.026098, -117.02659, -117.026195, 
-117.026140337393, -117.026138316981, -117.026129, -117.026551, -117.026557656128, -117.026575021601, -117.026631374451, -117.026665, -117.026331, -117.026303, -117.026253, -117.026342730568, -117.026347771008, -117.026683, -117.026652, -117.026672585673, -117.026696428433, -117.026701376309, -117.026711042218, -117.026719331236, -117.026732087812, -117.02674059016, -117.026743821013, -117.026745350468, -117.026746, -117.026774, -117.026922, -117.026889, -117.026824, -117.02676, -117.026789, -117.026937, 
-117.027001, -117.026912052893, -117.026905, -117.026705, -117.026661, -117.026717, -117.026624495654, -117.026586, -117.026696659314, -117.026825, -117.026725, -117.026841, -117.026651, -117.026645508258, -117.026634, -117.024020777413, -117.023049, -117.022110809539, -117.02155, -117.023577, -117.027931, -117.032881, -117.031887, -117.025156, -117.021461, -117.016826, -117.012831, -117.010383, -117.010701, -117.014828, -117.019853, -117.021721, -117.021604961574, -117.020035, -117.01077, -117.008691316809, 
-116.999061, -116.991415, -116.984152, -116.98294, -116.982347, -116.982214, -116.983199584669, -116.98371442608, -116.98384, -116.97617647824, -116.976114, -116.9765, -116.976694, -116.976429, -116.977332, -116.978564231043, -116.979961, -116.980250760831, -116.981919, -116.980757923978, -116.97958, -116.975117518116, -116.972362, -116.968505250568, -116.962615, -116.958752, -116.959363, -116.959993, -116.961806, -116.967641, -116.968931, -116.968955773782, -116.969028, -116.968214, -116.964292, 
-116.962251, -116.96177, -116.960415, -116.961264, -116.964915, -116.971574, -116.972331, -116.97049, -116.959808, -116.959206, -116.961683, -116.966314, -116.968634, -116.97088, -116.971556, -116.973807, -116.975525, -116.97618, -116.973435, -116.968743, -116.959871, -116.942757, -116.938195, -116.935584, -116.935847, -116.94242, -116.94321505163, -116.943742, -116.941734972941, -116.941458, -116.937464921215, -116.935911, -116.935206548849, -116.934851172613, -116.934485, -116.934719940664, -116.935592015008, 
-116.935746369343, -116.935785148916, -116.935819152449, -116.937131665956, -116.937261403083, -116.937342, -116.943361, -116.950573662942, -116.955694238564, -116.955741432932, -116.956246, -116.972045557891, -116.972504, -116.973185, -116.973308950546, -116.973632019799, -116.974016, -116.974410792421, -116.9745725227, -116.976979427494, -116.977351, -116.974253, -116.967203, -116.957009, -116.943132, -116.940274509534, -116.940005494001, -116.937835, -116.937750474425, -116.933704, -116.928306, 
-116.927688, -116.929442, -116.929069, -116.925642, -116.918991, -116.916410383599, -116.914236, -116.91376, -116.913239, -116.911218, -116.903327, -116.901922, -116.901737, -116.900834, -116.897846346997, -116.895931, -116.894309, -116.894083, -116.895028421445, -116.895757, -116.900103, -116.902752, -116.915738, -116.924028, -116.925392, -116.935443, -116.939296726739, -116.940534, -116.945256, -116.947591, -116.949516444006, -116.965498, -116.967259, -116.971675, -116.973701, -116.9726, -116.970219, 
-116.970365, -116.973945, -116.973991, -116.972537, -116.971958, -116.972828624351, -116.973542, -116.974702950471, -116.975905, -116.975987676711, -116.97861969083, -116.981589778363, -116.981643767771, -116.981825336926, -116.98687, -117.001, -117.003682330068, -117.008000996386, -117.016921, -117.020231, -117.025277, -117.027558, -117.031862, -117.03585, -117.042283, -117.045513, -117.047062, -117.047399154136, -117.050057, -117.05303, -117.05651, -117.059352, -117.067284, -117.074191882813, -117.07835, 
-117.089503, -117.090933, -117.093578, -117.09457, -117.098531, -117.102242, -117.104208, -117.107673, -117.111617, -117.118018, -117.121037, -117.130904, -117.13253, -117.133104, -117.133984, -117.138523, -117.143394, -117.15706, -117.170342, -117.193129, -117.198147, -117.198559149539, -117.206784484785, -117.216974, -117.222647, -117.222451, -117.220069, -117.220060553639, -117.217843, -117.216795, -117.21521, -117.2055, -117.203323, -117.192203, -117.191546, -117.189842, -117.189769, -117.196149, 
-117.197339, -117.206962, -117.210587, -117.216911, -117.227938, -117.235117, -117.243027, -117.242675, -117.234835, -117.22698, -117.225461, -117.218285, -117.215072, -117.214637, -117.215573, -117.217015, -117.221548, -117.224445, -117.225758, -117.225932, -117.225076, -117.224104, -117.221479026379, -117.216372, -117.211148, -117.208936, -117.200237, -117.194317, -117.192494, -117.191329, -117.19163, -117.189759, -117.185386, -117.181583, -117.167187, -117.161033, -117.152406, -117.149242, -117.144161, 
-117.14293, -117.147934, -117.148255, -117.146032, -117.14248, -117.138066, -117.133963, -117.126009, -117.124754, -117.125267, -117.120522, -117.117809, -117.114754, -117.108231, -117.098221, -117.094968, -117.096791, -117.095868, -117.091223, -117.086075, -117.081286739531, -117.081022, -117.079031, -117.078574, -117.079835603761, -117.080772, -117.080555, -117.079483004572, -117.07871, -117.07912, -117.074137, -117.072221, -117.063824, -117.061799, -117.060454, -117.062273, -117.05856, -117.050495, 
-117.048178, -117.04782, -117.046250547549, -117.044217, -117.039549, -117.03827, -117.031738, -117.02942, -117.021398, -117.018418, -117.016216, -117.013802, -117.006045, -116.998903, -116.992003, -116.986502, -116.977802, -116.972902, -116.970902, -116.966801, -116.949001, -116.9368, -116.9347, -116.9318, -116.9307, -116.9308, -116.933099, -116.933799, -116.933699, -116.931099, -116.928099, -116.920498, -116.905771, -116.901051, -116.900146, -116.900069, -116.899640878328, -116.898388, -116.896249, 
-116.896424, -116.898609, -116.898153, -116.895805, -116.892361, -116.889882, -116.887748, -116.883598, -116.879375, -116.878183, -116.876001, -116.871701, -116.865338, -116.857038, -116.852427, -116.850512, -116.846061, -116.842108, -116.838467, -116.833632, -116.832176, -116.835702, -116.846461, -116.850737, -116.847888, -116.836449, -116.829329, -116.826271, -116.829849375556, -116.830505, -116.833465920785, -116.834915, -116.837380433071, -116.839031, -116.841971, -116.844323, -116.848093, -116.85226, 
-116.856066243323, -116.856964, -116.858313, -116.856754, -116.846103, -116.844625, -116.844796, -116.845847, -116.847944, -116.842731, -116.826133, -116.814589, -116.808576, -116.797329, -116.78371, -116.783771926572, -116.784244, -116.783537, -116.782492, -116.774847, -116.754643, -116.752839, -116.748564, -116.746607, -116.745535, -116.742962, -116.734021, -116.731216, -116.729607, -116.728757, -116.727452, -116.725137, -116.724188, -116.724192007616, -116.724205, -116.709536, -116.708546, -116.70975, 
-116.708003, -116.704217, -116.703181, -116.698661, -116.695619, -116.687174152113, -116.687027, -116.681013, -116.675587, -116.674493, -116.672733, -116.672163, -116.672594, -116.674648, -116.673793, -116.653252, -116.626633, -116.623189739652, -116.619057, -116.597447, -116.592416, -116.588195, -116.581382, -116.575949, -116.563985, -116.561744, -116.554829, -116.55498, -116.558803, -116.558804, -116.553171, -116.553473, -116.554549, -116.556575, -116.557587, -116.556587, -116.554634, -116.5525, 
-116.548676, -116.543837, -116.535482, -116.527492979455, -116.523638, -116.523947, -116.526201, -116.52828, -116.528558, -116.527723, -116.525888, -116.522233, -116.517468, -116.513931, -116.510342, -116.506967, -116.503957, -116.503156, -116.503728, -116.502756, -116.490279, -116.48297, -116.481943, -116.481208, -116.483412, -116.483105, -116.480788, -116.476521, -116.474702, -116.471646, -116.463635, -116.463504, -116.46517, -116.465262634895, -116.469813, -116.472882, -116.471241, -116.472346, 
-116.475803, -116.481018, -116.482806, -116.482899, -116.48282653917, -116.482495, -116.483286, -116.484219, -116.487447, -116.487835, -116.487274, -116.487894, -116.49451, -116.497369821424, -116.511494412468, -116.512326, -116.523961, -116.528272, -116.535396, -116.536395, -116.538014, -116.535698, -116.537173, -116.543862684798, -116.546643, -116.549085, -116.553548, -116.559444, -116.577422, -116.593004, -116.60504, -116.632032, -116.635814, -116.639641, -116.646342, -116.659629, -116.665344, 
-116.680139, -116.687007, -116.697192, -116.698079, -116.70845, -116.711822, -116.715527, -116.736268, -116.740486, -116.745219, -116.750978, -116.755288, -116.759787, -116.7634, -116.782676, -116.788329, -116.789066, -116.788923, -116.78752, -116.787792, -116.790151, -116.794454975327, -116.796051, -116.796555004061, -116.799674128494, -116.801749661365, -116.808660452056, -116.814142, -116.819182, -116.830003, -116.837126867915, -116.84355, -116.857254, -116.859795, -116.866544, -116.869655, -116.870484, 
-116.873933, -116.875706, -116.874869, -116.87598, -116.880506, -116.886843, -116.89091, -116.894652, -116.892861, -116.900497, -116.911409, -116.915989, -116.940681, -116.985882, -117.050212957688, -117.051304, -117.070047, -117.090186778506, -117.187646542392, -117.212616, -117.214534, -117.216731, -117.280513327856, -117.337668, -117.353928, -117.366384706212, -117.382131203034, -117.390738, -117.439943, -117.475148, -117.47536, -117.479935132756, -117.480103, -117.504833, -117.603163, -117.60342451872, 
-117.62359560026, -117.717852, -117.867211280335, -117.977663335055, -117.996911, -117.99694971271, -118.114841589783, -118.126197, -118.131019, -118.146028, -118.228941, -118.236584, -118.23666752911, -118.241976496584, -118.25253, -118.256368, -118.283526, -118.314982, -118.33581938824, -118.340494051998, -118.36716827519, -118.36779, -118.37836, -118.382330965892, -118.387293095034, -118.387301768013, -118.388465100849, -118.398890104274, -118.403788052999, -118.403817114887, -118.424027212824, 
-118.446039132148, -118.470756, -118.497027, -118.537119, -118.554902302619, -118.569392, -118.57571, -118.579906, -118.590497392025, -118.606789334728, -118.637725, -118.639332, -118.658717, -118.67787, -118.725242193351, -118.785765634062, -118.788694725992, -118.86812798659, -118.893343015975, -118.941242, -118.977787096598, -118.987129, -118.987196090377, -119.008558, -119.027056, -119.061462, -119.093221, -119.12612, -119.141390171444, -119.169496, -119.19553, -119.204349373269, -119.225745, 
-119.24656442533, -119.25715, -119.265781460289, -119.312779611952, -119.322509, -119.356927874882, -119.364396, -119.372198994238, -119.432149953782, -119.450256, -119.456238441501, -119.487829, -119.524632, -119.536946521092, -119.571584, -119.600549, -119.603472800583, -119.623393, -119.669877, -119.672199870904, -119.729909361077, -119.772927, -119.802655, -119.868135, -119.868272037091, -119.876144, -119.907461, -119.908917240841, -119.965744, -119.976425506027, -119.999501176112, -120.001148, 
-120.0550751063, -120.07015, -120.141352, -120.170453, -120.191103256744, -120.210754, -120.211474211014, -120.282156, -120.288656, -120.329057, -120.40396, -120.45309661514, -120.482362, -120.505863, -120.521964, -120.553317424253, -120.559465, -120.591166, -120.634968, -120.6535343441, -120.668869, -120.68937, -120.724171, -120.788872, -120.836141479114, -120.855674, -120.870042, -120.885616086084, -120.895575, -120.913476, -120.915795173154, -120.915876, -120.943977, -120.953077, -120.977978, 
-120.981523491151, -120.983478, -121.007449, -121.033582, -121.051339879503, -121.06437, -121.071453407883, -121.084933, -121.120064, -121.118581599629, -121.118219752853, -121.117052, -121.1222, -121.123239617734, -121.123793795051, -121.127724471392, -121.129228277698, -121.131953, -121.139483, -121.140560367303, -121.145534, -121.167852, -121.170474994227, -121.183841, -121.196556, -121.196149220098, -121.195233, -121.196631142901, -121.199886019369, -121.200367, -121.201365411372, -121.204808148559, 
-121.215779, -121.218242861882, -121.251183, -121.287323, -121.294453886635, -121.312198, -121.33777, -121.351267011354, -121.365470443381, -121.372574, -121.383451776795, -121.401739, -121.423592, -121.441224595532, -121.462849, -121.467065281238, -121.481489451388, -121.483672986716, -121.494686798243, -121.494687797672, -121.499153, -121.511087960406, -121.522392, -121.523685853632, -121.525433791887, -121.531983021128, -121.533106, -121.534252432855, -121.562727136099, -121.609320387848, -121.619547836765, 
-121.631167, -121.638119011462, -121.668362, -121.675958711965, -121.707358, -121.711711588727, -121.735104, -121.793493949726, -121.811304, -121.835943928122, -121.838112759325, -121.858205244407, -121.867167, -121.875675981793, -121.875695401271, -121.877162410648, -121.901855, -121.901274127164, -121.900897392331, -121.900858, -121.904448014441, -121.908267, -121.922028852172, -121.924891152986, -121.930233869113, -121.931856887182, -121.935149, -121.951838, -121.955734, -121.961258017759, -121.963547, 
-121.967015851021, -121.979797, -121.983038, -122.00369, -122.022571, -122.044374, -122.100176014643, -122.101675, -122.112356, -122.118013914964, -122.124785024229, -122.125362824581, -122.126197, -122.126197, -122.12949, -122.129548, -122.14075, -122.166829998749, -122.183695, -122.197527546048, -122.2017, -122.248911947664, -122.248993, -122.259530999909, -122.262625, -122.266701, -122.294819998052, -122.294901, -122.331502, -122.339070265255, -122.341811701881, -122.343131002582, -122.352802, 
-122.372189242991, -122.380302, -122.383435896741, -122.391802, -122.393901291504, -122.397100512625, -122.401222955157, -122.410706, -122.416934004748, -122.438674, -122.453891, -122.455261778702, -122.470983433001, -122.471883289024, -122.474659, -122.475778139509, -122.479315, -122.492259, -122.49601900833, -122.504356385242, -122.505353096256, -122.507611126887, -122.523668, -122.545981397444, -122.548149, -122.549438939157, -122.549955276927, -122.550228171716, -122.55127899822, -122.581406, 
-122.582325993186, -122.586005557515, -122.588917822907, -122.597079819749, -122.602606, -122.607718206328, -122.618581527153, -122.634962906196, -122.643243190785, -122.643907, -122.675008, -122.675093773773, -122.675324886262, -122.675327484197, -122.691008, -122.691122791371, -122.6911850902, -122.691381583242, -122.713309, -122.738109, -122.743540245466, -122.762414110309, -122.76381, -122.774511, -122.772681206097, -122.772511, -122.762189526428, -122.760108, -122.760974137953, -122.761451, 
-122.769532, -122.77064606136, -122.778983853061, -122.78064296128, -122.795605, -122.79572928967, -122.795963, -122.785696, -122.785515, -122.785299579417, -122.785121333263, -122.785026, -122.794675088814, -122.796820712691, -122.798091, -122.799082951662, -122.808350897773, -122.81006272961, -122.81151, -122.811204257205, -122.806193, -122.811841461838, -122.812215297032, -122.813998, -122.833420843631, -122.837638, -122.838578021636, -122.845875047125, -122.849945350528, -122.850300357308, -122.856158, 
-122.864284541462, -122.87766154657, -122.878092, -122.881327583221, -122.88307501286, -122.884478, -122.885933339972, -122.902954826569, -122.904119, -122.930461538264, -122.937415175285, -122.939676274918, -122.962681, -122.966694913215, -123.004233, -123.009436, -123.022147, -123.022885224802, -123.03382, -123.041297, -123.051064, -123.051899149425, -123.072955001104, -123.105021, -123.115904, -123.119730298412, -123.166414, -123.213054, -123.22243, -123.230813, -123.242026, -123.251233, -123.280166, 
-123.285228657451, -123.301034, -123.302588994244, -123.332335, -123.340655, -123.346252, -123.360561, -123.363743140809, -123.371433, -123.376722954897, -123.379541, -123.390404, -123.422645419531, -123.430987, -123.428642388402, -123.428054143685, -123.427629, -123.436254852847, -123.447592, -123.46455181596, -123.468743, -123.474844, -123.479644, -123.501245, -123.516188, -123.526391, -123.538092, -123.547659, -123.548147542542, -123.548156, -123.558280078555, -123.559617, -123.563689030381, -123.565677812886, 
-123.567582349631, -123.570593048368, -123.574813005727, -123.582434, -123.593286982436, -123.595982, -123.60196, -123.603037063446, -123.613817003577, -123.614343015865, -123.614521, -123.619512, -123.624874698291, -123.626436257279, -123.632347, -123.644231, -123.6535, -123.660868, -123.666751, -123.672039, -123.67538, -123.674178, -123.67865639816, -123.693131268615, -123.69343, -123.718149, -123.725279, -123.735733, -123.744294, -123.748097, -123.750569859726, -123.755448935856, -123.757163763833, 
-123.757589, -123.763308, -123.766873, -123.76706294666, -123.770201, -123.771027240351, -123.777968929723, -123.778994896414, -123.783204, -123.787774156994, -123.793936, -123.794401621621, -123.798702737971, -123.81530492209, -123.821834, -123.824412679777, -123.836861336369, -123.837456069416, -123.838801, -123.845310007335, -123.846209, -123.849652258608, -123.854940916297, -123.854941420652, -123.85776, -123.860475801954, -123.862116736585, -123.863764864424, -123.864209, -123.865371360958, 
-123.866643, -123.862896, -123.861859819695, -123.859911, -123.856895330642, -123.852305844818, -123.851904098175, -123.8492814354, -123.844664881417, -123.843644, -123.842327215343, -123.838771844874, -123.838415, -123.838415, -123.838415, -123.838415, -123.838415, -123.838415, -123.838415, -123.839603, -123.842849, -123.845341184316, -123.847209, -123.847572098271, -123.854801, -123.85574673717, -123.857591219399, -123.859049388323, -123.859272926153, -123.860943, -123.87478, -123.878821, -123.883336, 
-123.891762, -123.902501, -123.900449, -123.903064, -123.905277, -123.923582, -123.924050837444, -123.927023492426, -123.927038, -123.936176663921, -123.945559446537, -123.947417, -123.950413615329, -123.950506, -123.953971, -123.961739, -123.962359264491, -123.972942, -123.98031, -123.981732001559, -123.986252, -123.989817, -123.995521, -123.995997, -123.991718, -123.988429, -123.988644837129, -123.988866, -123.99260543957, -123.996234, -123.999324, -124.000212, -124.002429476943, -124.005028, -124.012634, 
-124.018552035794, -124.021428, -124.015717728948, -124.010344, -124.004381297137, -123.996772603926, -123.996766, -123.990468988072, -123.986469758432, -123.977403593384, -123.974124, -123.96377569977, -123.963419924031, -123.961625301618, -123.95919, -123.947531, -123.941929939178, -123.941611463287, -123.933366, -123.929984556436, -123.92986952975, -123.92933, -123.929190268722, -123.928928749063, -123.928145785112, -123.927973474601, -123.927931398902, -123.927891, -123.933810595383, -123.936393232754, 
-123.936976303464, -123.937471, -123.937476037135, -123.941831, -123.952063, -123.957438, -123.957453810646, -123.969991, -123.972927, -123.974074, -123.975067, -123.973854, -123.974998, -123.980835, -123.98571, -123.988391, -123.993703, -123.991272, -123.99304, -123.988716, -123.985063, -123.983734, -123.983825, -123.980423, -123.977933, -123.978286, -123.978446, -123.97413, -123.971831, -123.971516, -123.969864540348, -123.96763, -123.967625694786, -123.965756551586, -123.965629, -123.966477037815, 
-123.967231, -123.965946886424, -123.964284, -123.963131499066, -123.962736, -123.962515, -123.963968585885, -123.964606, -123.962837005925, -123.962232, -123.961544, -123.965982, -123.968984, -123.968018, -123.969078621366, -123.969302, -123.973555, -123.974456, -123.978804, -123.979597, -123.983029, -123.981732, -123.978679, -123.970272, -123.965567651763, -123.964335, -123.967841, -123.967425, -123.962908, -123.957689, -123.954899774688, -123.952045022158, -123.946027, -123.943567208808, -123.943121, 
-123.942937192789, -123.942219645651, -123.941568, -123.940874071402, -123.940187028723, -123.939653, -123.940155649129, -123.940394, -123.937272, -123.937358469373, -123.939964, -123.940297422373, -123.941433103909, -123.941950313491, -123.944234559771, -123.947632127365, -123.948784440748, -123.949787395219, -123.949998649289, -123.950636980948, -123.951661205737, -123.952264, -123.956711, -123.955237903353, -123.953196286934, -123.952590233186, -123.951567534365, -123.951155, -123.949468, -123.949464471601, 
-123.949444789712, -123.94944, -123.951366331473, -123.957568, -123.962095, -123.96634, -123.970794, -123.976544, -123.978534795427, -123.97865, -123.976647761464, -123.97409492245, -123.973381, -123.970121, -123.970139420669, -123.970154, -123.970804752809, -123.971892, -123.971997014932, -123.974302867085, -123.974665, -123.964074, -123.962528536153, -123.962035, -123.961131916315, -123.960557, -123.965728, -123.973398, -123.978955013993, -123.979321695161, -123.979715, -124.007494, -124.007756, 
-123.978671, -123.972899, -123.969038677024, -123.964380552095, -123.964169, -123.964127353106, -123.963217724763, -123.962607, -123.958061, -123.964276, -123.970173135164, -123.971328, -123.976507, -123.972529, -123.968560618402, -123.968187, -123.968232789041, -123.968660474861, -123.970461, -123.972855462376, -123.973129460023, -123.973618831362, -123.975425, -123.976188590439, -123.97734943563, -123.987671142877, -123.989529, -123.996836, -124.004863, -124.006057, -124.012163, -124.015851, -124.017941426664, 
-124.017991, -124.015011, -124.00977, -124.009069, -124.008880714497, -124.005504, -124.00627, -124.011662, -124.011795018115, -124.012184, -124.010183, -124.009179, -124.009462791521, -124.0105900194, -124.011979123524, -124.012053555073, -124.012547595484, -124.013141309957, -124.014452951513, -124.015243, -124.016305243106, -124.016595443995, -124.017091597529, -124.017168554748, -124.02050369952, -124.023834, -124.023943285941, -124.024981927707, -124.024993086351, -124.025678, -124.025416882061, 
-124.025136, -124.025427720548, -124.025447618374, -124.025705974541, -124.026229856103, -124.032296, -124.037694989725, -124.04073005327, -124.044680054064, -124.045903377286, -124.047458445429, -124.048814, -124.053756784081, -124.054151, -124.059095250869, -124.061048, -124.066622, -124.066707785383, -124.067318121178, -124.067345158107, -124.06756, -124.067673935493, -124.067691714404, -124.067712670147, -124.067730713109, -124.067772, -124.067883, -124.063770144253, -124.063498, -124.063589011661, 
-124.063592299854, -124.063735, -124.067437, -124.068048418171, -124.068124237279, -124.074066, -124.074049344185, -124.073077, -124.073012, -124.073235024702, -124.074586244664, -124.075473, -124.069158, -124.067080304137, -124.066325, -124.068112, -124.067315781523, -124.06429, -124.064279, -124.064816, -124.06452207599, -124.061029621405, -124.06017, -124.058539, -124.058181453278, -124.057901, -124.059857, -124.060704777338, -124.063406, -124.065315427968, -124.068445, -124.072012, -124.079249, 
-124.078026, -124.07409, -124.066467, -124.063498, -124.060043, -124.059019564631, -124.058281, -124.058312330843, -124.062121498473, -124.063293560589, -124.065008, -124.067045, -124.06635, -124.066393894948, -124.068251, -124.068382456744, -124.068438481336, -124.068732391746, -124.069065691376, -124.06914, -124.067251, -124.066565382567, -124.066510728242, -124.06635, -124.067005079219, -124.067223499261, -124.069586597894, -124.069608578306, -124.069662181446, -124.0704680459, -124.071469543556, 
-124.071904404416, -124.07373194321, -124.075399, -124.076387, -124.077599366608, -124.077958462366, -124.077996, -124.079867086478, -124.080444341879, -124.083601, -124.083691418481, -124.084429, -124.083842653258, -124.08331, -124.083324468937, -124.083475419185, -124.083554722423, -124.083686589522, -124.083714, -124.0837, -124.083984074373, -124.084403674725, -124.084686, -124.08519512299, -124.086872, -124.087194932056, -124.089964650669, -124.092463110466, -124.092633, -124.098696003703, -124.100587, 
-124.104537939304, -124.106518, -124.109059, -124.109556, -124.108088, -124.108102657969, -124.109042455264, -124.10907, -124.110793224148, -124.111817501806, -124.112852255343, -124.113342091214, -124.114005319223, -124.1152, -124.111747, -124.111811702929, -124.112570045432, -124.113261, -124.114690718599, -124.115953, -124.114869, -124.109744, -124.108945, -124.111766, -124.111681, -124.114293, -124.115309, -124.112945, -124.111054, -124.113212, -124.114719, -124.115671, -124.114424, -124.115864601151, 
-124.116717, -124.117006, -124.122668, -124.125272, -124.12741, -124.128882, -124.125868, -124.123876, -124.125824, -124.127758, -124.127073, -124.123643, -124.124083, -124.125438, -124.123975, -124.125748897347, -124.125752, -124.130608, -124.133271736676, -124.134251, -124.136013372381, -124.136941, -124.136991559692, -124.13705930823, -124.137081915707, -124.137178, -124.138326, -124.144075, -124.150267, -124.158728145934, -124.164503939476, -124.16856, -124.177685, -124.193984, -124.193623, -124.200217, 
-124.206343, -124.206343, -124.206343, -124.208958, -124.210203396979, -124.210531, -124.214477, -124.218966377223, -124.231975100174, -124.232025, -124.255609, -124.2782229273, -124.279473391428, -124.286896, -124.315012, -124.330671, -124.34296711905, -124.343119685071, -124.343247, -124.353332, -124.373037, -124.376997, -124.384603, -124.385296, -124.387642, -124.38972, -124.394143, -124.402814, -124.400404, -124.395536, -124.393988, -124.388891, -124.38708, -124.384117648066, -124.38246, -124.395607, 
-124.397382, -124.395338287504, -124.395302, -124.401726, -124.424113, -124.425024028606, -124.427595577081, -124.428322100926, -124.42837210426, -124.429253343926, -124.431303585418, -124.434419666916, -124.434451, -124.437373631068, -124.43785, -124.434527236125, -124.433641, -124.433357, -124.435157, -124.432236, -124.433542433297, -124.434213, -124.434312105988, -124.434566688566, -124.436655, -124.435402770386, -124.435385910198, -124.434655, -124.436198, -124.446875, -124.448625230642, -124.455669, 
-124.462619, -124.479636362958, -124.480938, -124.500141, -124.525653, -124.528298, -124.530438, -124.534589, -124.536195, -124.534433, -124.53648, -124.54051, -124.545058, -124.544561, -124.548023, -124.549492, -124.552441, -124.556645, -124.560403, -124.564595, -124.566244, -124.564487, -124.559298, -124.552845, -124.544179, -124.536073, -124.535117111801, -124.532333828514, -124.524693239214, -124.524439, -124.52046, -124.516177, -124.513602, -124.514311, -124.514669, -124.514507061903, -124.513663, 
-124.511286, -124.511126654393, -124.508394, -124.505236, -124.503784994074, -124.503681, -124.499122, -124.498473, -124.491679, -124.491225646384, -124.48973467173, -124.482158, -124.478516461253, -124.473864, -124.467559, -124.467766, -124.46445, -124.462569, -124.461619, -124.459797, -124.459643, -124.454984, -124.455263, -124.452248, -124.449417, -124.447487, -124.447873851781, -124.451484, -124.45074, -124.438875, -124.434688, -124.429195, -124.422747, -124.416774, -124.413119, -124.409836, 
-124.413764, -124.411308, -124.410713367051, -124.409431, -124.407266509123, -124.406282, -124.404841, -124.405547, -124.401177, -124.401385, -124.399421, -124.40004308105, -124.401498, -124.401471541943, -124.401224544967, -124.40112, -124.401472940165, -124.40433, -124.403213045134, -124.401716, -124.403855, -124.404198148337, -124.408289, -124.404933, -124.401954, -124.400031, -124.398319, -124.395052, -124.393663, -124.394815, -124.394426, -124.392305, -124.389977, -124.391571, -124.392657, -124.397684, 
-124.399133, -124.399829, -124.406126984569, -124.410982713025, -124.411362, -124.420076, -124.422195, -124.421381, -124.419964, -124.421356, -124.423084, -124.425039, -124.425816, -124.422394, -124.421981, -124.422012, -124.425631, -124.42492, -124.422038, -124.423836, -124.431748, -124.433983499306, -124.43512, -124.435892, -124.431273499676, -124.431134, -124.42983957245, -124.428734, -124.425499, -124.425647484431, -124.426017646233, -124.426131310332, -124.426155, -124.424765038491, -124.424759, 
-124.426354, -124.426885, -124.428752, -124.427222, -124.429288, -124.431495, -124.431438, -124.433063, -124.431686, -124.427782, -124.426435, -124.425264, -124.420557, -124.418591, -124.418794271055, -124.41978, -124.415237647538, -124.411815, -124.41131, -124.412919, -124.41051, -124.409934341346, -124.408610889979, -124.408215, -124.408226331137, -124.408230464314, -124.408302244304, -124.408514, -124.410522682503, -124.411461, -124.411534, -124.413941333895, -124.414149, -124.410982, -124.404214, 
-124.401549, -124.400795, -124.397747, -124.392458, -124.392505, -124.389162, -124.388426, -124.386301, -124.383633, -124.382256, -124.377762, -124.37662, -124.378158, -124.377867, -124.37740229446, -124.376300328332, -124.375697, -124.375337, -124.375911441059, -124.376215, -124.373734405512, -124.373264, -124.371415237844, -124.370319, -124.368727449954, -124.368606, -124.36636110494, -124.366106, -124.363555, -124.361009, -124.362442, -124.361748, -124.364606, -124.361972, -124.360318, -124.363389, 
-124.366832, -124.366690975084, -124.366081186335, -124.366028, -124.365253842891, -124.361563, -124.361271077402, -124.358499, -124.356243, -124.356493, -124.351784, -124.351535, -124.354239, -124.353486, -124.356177, -124.357122, -124.356229, -124.355319, -124.352704, -124.351193, -124.350766, -124.352136, -124.354027, -124.351083, -124.348476, -124.344673, -124.342058, -124.342669, -124.34101, -124.335162, -124.332127, -124.328858, -124.328586410312, -124.325767444958, -124.324785, -124.32340978298, 
-124.320698, -124.320203, -124.319924107201, -124.319738, -124.316823741191, -124.316276, -124.316250114133, -124.313628940036, -124.313319, -124.308571, -124.303991, -124.30084, -124.299649, -124.296801, -124.29548119098, -124.294998, -124.295473, -124.294875950274, -124.292595, -124.291670598908, -124.289478, -124.289783836142, -124.290870418472, -124.291269, -124.288729760161, -124.286679, -124.28264, -124.282347205885, -124.281677, -124.279883, -124.277703, -124.271391769392, -124.270464, -124.270094423003, 
-124.265820787596, -124.263887, -124.260428123378, -124.259821, -124.255461508875, -124.255035, -124.254028, -124.249037780336, -124.248523, -124.245485117115, -124.244725, -124.239716, -124.239121787196, -124.239072393559, -124.23885675754, -124.237242, -124.236083185016, -124.235768457423, -124.231537, -124.230459, -124.227079, -124.21894, -124.216340080932, -124.211605, -124.121365, -124.102532, -124.084956, -124.079422921535, -123.999248, -123.967045984176, -123.834208, -123.822037891998, -123.811708, 
-123.793647959887, -123.789914, -123.787501, -123.728169, -123.721428231876, -123.667184618837, -123.657212, -123.631514798612, -123.624022, -123.623230006102, -123.569305, -123.530013873107, -123.518734, -123.517910995163, -123.498496013133, -123.474991, -123.44467, -123.434794994696, -123.408265989647, -123.408006455842, -123.346955, -123.344311064432, -123.245561, -123.23111258448, -123.183923, -123.145735, -123.125165, -123.120521632446, -123.102698940572, -123.080938, -123.062882, -123.043997, 
-122.988318483577, -122.963801, -122.961670756599, -122.952389539682, -122.893590970866, -122.889935, -122.884017334375, -122.875515469317, -122.870830789468, -122.867298, -122.813845, -122.75363522358, -122.713058, -122.672521, -122.658406291686, -122.634696, -122.61541287471, -122.559270561141, -122.548911, -122.493322, -122.416638, -122.403459336051, -122.399243884651, -122.378511, -122.368051522242, -122.320293, -122.289748006076, -122.289072536468, -122.284835725791, -122.260687, -122.236196419718, 
-122.189401401612, -122.182631810589, -122.163511, -122.144058, -122.065548460232, -122.047234, -122.034563, -121.982783573689, -121.975204115807, -121.95743, -121.954084502429, -121.939829, -121.88925504236, -121.825079635986, -121.800981, -121.77816674269, -121.69468, -121.680618944726, -121.67824984328, -121.669628757698, -121.629257792244, -121.622362555794, -121.600302875257, -121.600214645464, -121.591106, -121.519526386293, -121.518985, -121.447537949131, -121.435531, -121.356649, -121.344911, 
-121.328988, -121.31648631619, -121.297304, -121.296531179338, -121.29653001019, -121.250331958387, -121.174152, -121.125007, -121.111238326886, -121.09165684674, -121.080956, -121.022114, -120.980416, -120.940201, -120.879925977229, -120.878231, -120.819216277206, -120.786166, -120.748381919961, -120.690923710041, -120.680984, -120.61589, -120.564863, -120.508434445763, -120.489013, -120.487912423083, -120.413985011427, -120.328540043301, -120.328538964699, -120.326387, -120.325751, -120.284045, 
-120.276920753459, -120.272095999129, -120.225699235582, -120.188026, -120.160711, -120.159409852771, -120.088176, -120.046745935305, -119.999234, -119.986801, -119.876054, -119.872929, -119.848907, -119.790087, -119.777379831729, -119.72573, -119.511731377921, -119.444598, -119.360177, -119.360121480893, 41.9943837248054, 41.9942055845967, 41.993843, 41.994212, 41.993177, 41.993793, 41.9929070069663, 41.9926256901358, 41.992394, 41.992671, 41.992692, 41.991794, 41.9929424184721, 41.9932978970796, 
41.993895, 41.9948150210873, 41.995446, 41.9963350294747, 41.9969940811635, 41.996995, 41.9972981831054, 41.9975026562144, 41.9975152951079, 41.998335, 41.9982072706744, 41.9981771341869, 41.9981359955673, 41.9981323679283, 41.998102, 41.998467, 41.9985101685311, 41.9985364286855, 41.9990841067272, 41.9992392555284, 41.999659, 41.99929, 41.999887, 42.00038, 42.000035, 41.99989, 41.998983, 41.99989, 41.99989, 42.117647, 42.133258, 42.166404, 42.3244195168265, 42.3302600087579, 42.357193, 42.378557, 
42.3929389654483, 42.4304607260049, 42.5522229216117, 42.624878, 42.807015, 42.80717, 42.807447, 42.8528191573564, 42.8553678501509, 43.024876, 43.025128, 43.1461012398161, 43.2862149958431, 43.3152915591549, 43.3720939914844, 43.420805024449, 43.4957699931784, 43.5457346710279, 43.5647210211312, 43.5737089790098, 43.577526, 43.578674, 43.593632, 43.596033, 43.600357, 43.601912, 43.610669, 43.617614, 43.621032, 43.6245972965379, 43.62488, 43.631659, 43.664385, 43.675523, 43.6808035152354, 43.683001, 
43.6937391205206, 43.706193, 43.714815, 43.732905, 43.733935, 43.7578967645629, 43.80811, 43.8122882404094, 43.813842, 43.8173218792265, 43.819402, 43.823811, 43.826286, 43.830025, 43.834156, 43.841334, 43.841694, 43.839962, 43.840001, 43.844803, 43.849754, 43.852172, 43.853833, 43.856182, 43.8563729196878, 43.858956, 43.862269, 43.8626893878893, 43.864637, 43.863864, 43.866794, 43.86771, 43.86884, 43.871228, 43.8770578606079, 43.8801032140428, 43.880846, 43.8946464890304, 43.894759, 43.897128, 43.900361, 
43.901293, 43.905812, 43.9072537431298, 43.908888, 43.9094192775191, 43.912478, 43.9138555057545, 43.915253, 43.9159948922501, 43.916453, 43.9168593693103, 43.91748, 43.923246, 43.927739, 43.93065, 43.932797, 43.934792, 43.937007, 43.9377512350526, 43.939921, 43.941881, 43.944286, 43.948097, 43.952149, 43.954564, 43.956, 43.956301, 43.956964, 43.958357, 43.959764, 43.963815, 43.96636, 43.968168, 43.968884, 43.968412, 43.968302, 43.970112, 43.972187, 43.973091, 43.974719, 43.977085, 43.977477, 43.982925, 
43.984043, 43.98459, 43.986874, 43.990875, 43.999437, 44.0016934551559, 44.003189, 44.0069165870337, 44.007431, 44.0111894035221, 44.012652, 44.0168989611096, 44.0190414362157, 44.021249, 44.0219173103878, 44.0243980062901, 44.0248370814307, 44.0249473935028, 44.0250441196886, 44.0287776854144, 44.0291467346366, 44.029376, 44.035645, 44.0396994290017, 44.0425778402732, 44.0426043694783, 44.042888, 44.0486051115188, 44.048771, 44.049425, 44.0500571328684, 44.0517047471797, 44.053663, 44.0574157180033, 
44.0589530528064, 44.081832, 44.085364, 44.088295, 44.090936, 44.091743, 44.09406, 44.0956152473123, 44.0957616644886, 44.096943, 44.0970063481431, 44.100039, 44.107326, 44.109438, 44.112621, 44.113972, 44.118929, 44.123278, 44.125462976158, 44.127304, 44.128381, 44.132929, 44.139992, 44.144422, 44.145931, 44.14862, 44.150099, 44.1526558411174, 44.154295, 44.158114, 44.160191, 44.1664463691315, 44.171267, 44.176851, 44.179467, 44.183152, 44.18844, 44.191544, 44.193962, 44.1937712439328, 44.19371, 
44.191677, 44.191264, 44.191571735564, 44.194126, 44.194581, 44.197256, 44.208017, 44.2132, 44.217493, 44.221221, 44.225932, 44.229821, 44.232836, 44.235677, 44.2380420862255, 44.23998, 44.2413870935883, 44.242844, 44.2428638529668, 44.2434958724082, 44.244209072634, 44.2442220369853, 44.2442656367649, 44.245477, 44.245386, 44.2453868423874, 44.2453881986673, 44.245391, 44.246063, 44.248505, 44.248881, 44.248635, 44.246805, 44.242775, 44.232005, 44.229742, 44.2296393340327, 44.22883, 44.229076, 44.230874, 
44.237244, 44.24401, 44.2476774328148, 44.249885, 44.258234, 44.260311, 44.269383, 44.270978, 44.275533, 44.278799, 44.27994, 44.280763, 44.280667, 44.278945, 44.277585, 44.269453, 44.267045, 44.264236, 44.262972, 44.25937, 44.258262, 44.25749, 44.25889, 44.270963, 44.273828, 44.2741460602673, 44.2804936406461, 44.288357, 44.297578, 44.298963, 44.301382, 44.3014040000001, 44.30718, 44.308236, 44.309116, 44.311789, 44.313024, 44.32863, 44.329621, 44.335007, 44.336585, 44.346362, 44.347406, 44.355206, 
44.357703, 44.360163, 44.367975, 44.373853, 44.390974, 44.396548, 44.399669, 44.405583, 44.407729, 44.420664, 44.427162, 44.44803, 44.453746, 44.459042, 44.470146, 44.473884, 44.477223, 44.479389, 44.482346, 44.483734, 44.4845576143306, 44.48616, 44.485359, 44.485661, 44.492027, 44.499884, 44.503272, 44.506784, 44.509886, 44.513385, 44.519261, 44.52296, 44.523431, 44.525166, 44.531802, 44.536151, 44.545647, 44.557236, 44.562143, 44.564371, 44.568603, 44.57143, 44.572996, 44.57524, 44.581553, 44.583834, 
44.593818, 44.614658, 44.620139, 44.624883, 44.62711, 44.640689, 44.652011, 44.657385, 44.664737, 44.668807, 44.671794, 44.6735859256969, 44.673685, 44.677676, 44.680328, 44.6825280578776, 44.684161, 44.686714, 44.6886720621095, 44.690084, 44.692175, 44.696374, 44.700517, 44.703623, 44.706654, 44.721668, 44.727143, 44.730265, 44.732477, 44.735916, 44.741549, 44.7431132252987, 44.74514, 44.746483, 44.748179, 44.74986, 44.751102, 44.750785, 44.751942, 44.755572, 44.756841, 44.756024, 44.756382, 44.759182, 
44.762381, 44.767981, 44.772581, 44.773881, 44.775181, 44.777981, 44.782881, 44.783881, 44.787181, 44.789881, 44.790981, 44.794481, 44.796781, 44.798781, 44.804781, 44.808381, 44.81438, 44.834794, 44.83568, 44.836672, 44.840036, 44.8406075080495, 44.84228, 44.84833, 44.849733, 44.851985, 44.854319, 44.855752, 44.855218, 44.855171, 44.855799, 44.858268, 44.861793, 44.864706, 44.866684, 44.867613, 44.870599, 44.880769, 44.887577, 44.893523, 44.905249, 44.914922, 44.923601, 44.928976, 44.931373, 44.940633, 
44.951521, 44.958113, 44.964768, 44.969239, 44.975173, 44.982493, 44.9842568332039, 44.98458, 44.9853695788761, 44.985756, 44.9846993858268, 44.983992, 44.980758, 44.974879, 44.971906, 44.972527, 44.9746680118694, 44.975173, 44.978761, 44.984298, 44.999878, 45.001435, 45.015312, 45.01847, 45.022602, 45.029446, 45.037285, 45.048106, 45.050652, 45.060267, 45.076972, 45.078265731912, 45.088128, 45.093605, 45.09579, 45.105536, 45.113972, 45.121768, 45.122945, 45.124878, 45.133038, 45.134898, 45.138289, 
45.139934, 45.142091, 45.144381, 45.156023, 45.159072, 45.162924, 45.164945960344, 45.171501, 45.203015, 45.207356, 45.217243, 45.222317, 45.227972, 45.2408, 45.245552, 45.255353, 45.2676428484611, 45.267857, 45.27072, 45.274867, 45.276349, 45.283183, 45.288938, 45.298023, 45.314342, 45.321511, 45.351084, 45.388037, 45.3926605859976, 45.39821, 45.41277, 45.427356, 45.44292, 45.448984, 45.452522, 45.460169, 45.461213, 45.46293, 45.472801, 45.480076, 45.481188, 45.495932, 45.499107, 45.500154, 45.501388, 
45.503217, 45.506232, 45.507856, 45.508311, 45.510385, 45.514193, 45.525079, 45.539602100419, 45.54661, 45.548234, 45.549482, 45.54989, 45.551078, 45.551818, 45.553734, 45.555626, 45.55679, 45.556281, 45.556809, 45.558427, 45.560953, 45.562754, 45.565102, 45.566608, 45.574499, 45.577008, 45.577898, 45.580597, 45.582615, 45.58516, 45.587942, 45.589673, 45.59179, 45.593647, 45.602785, 45.615785, 45.617986, 45.6180382330723, 45.620604, 45.624884, 45.627669, 45.629409, 45.6317, 45.632152, 45.633595, 
45.636085, 45.6367721223766, 45.639916, 45.641529, 45.642322, 45.643682, 45.644302, 45.647675, 45.649769, 45.655679, 45.6580137610358, 45.669545091117, 45.670224, 45.677639, 45.681473, 45.691734, 45.69665, 45.714929, 45.734231, 45.737288, 45.7469544885719, 45.750972, 45.752735, 45.753388, 45.755189, 45.76753, 45.778541, 45.781018, 45.784979, 45.783642, 45.781274, 45.779815, 45.780016, 45.781998, 45.79359, 45.806319, 45.820135, 45.820852, 45.825117, 45.826267, 45.826773, 45.826179, 45.82446, 45.821394, 
45.818537, 45.817061, 45.816167, 45.81658, 45.825376, 45.831928, 45.833471, 45.836741, 45.840204, 45.844267, 45.849851, 45.8561406398762, 45.858473, 45.8590045012698, 45.8622937973801, 45.8644825661664, 45.8717703924227, 45.877551, 45.880938, 45.886405, 45.889490764887, 45.892273, 45.904159, 45.907264, 45.916958, 45.923799, 45.932408, 45.939894, 45.945008, 45.950253, 45.95441, 45.958508, 45.958617, 45.96001, 45.969686, 45.976373, 45.982801, 45.988912, 45.995413, 45.996274, 45.996974, 45.9968510846243, 
45.996849, 45.99751, 45.9976245645994, 45.9981789618983, 45.998321, 45.99832, 45.998356, 45.9985173847898, 45.998662, 45.996349, 45.9971100739547, 45.9980721459827, 45.998598, 45.998633, 45.997893, 45.997855, 45.9978694691105, 45.99787, 45.998317, 45.998887, 45.9988892323573, 45.999061415294, 45.999866, 46.0003589419843, 46.0007234754428, 46.000787, 46.0007868487855, 46.0003263550126, 46.000282, 46.00028, 46.000701, 46.000421, 46.000418, 46.0004182147682, 46.0004318650671, 46.000459, 46.000439, 46.000787, 
46.000453, 46.0005196853244, 46.0005346455232, 46.0006200103111, 46.000622, 46.000574, 46.0005764927055, 46.0005796075968, 46.0005796130411, 46.0005803433033, 46.0005868874199, 46.000589962023, 46.0005899802661, 46.0006026668075, 46.0006164844113, 46.000632, 46.00062, 46.00084, 46.0008030811739, 46.000773, 46.000718, 46.000818, 46.0008458436429, 46.0008886734271, 46.00097, 46.000994, 46.000955, 46.000935, 46.0008700676541, 46.0007871090932, 46.0007830942314, 46.0006742162677, 46.0006396544099, 46.000574, 
46.0000013775916, 45.999855, 45.9997905520367, 45.97927, 45.969134, 45.958527, 45.942745, 45.932859, 45.9310086675325, 45.927603, 45.92787, 45.9292871126004, 45.932725, 45.9374987838498, 45.939926, 45.9390355038675, 45.9341867678607, 45.933183, 45.9236692670188, 45.921605, 45.9212186672664, 45.918250445405, 45.917354, 45.9155950765374, 45.906307, 45.908605, 45.913024662526, 45.925456, 45.919581, 45.9177965652368, 45.905639, 45.856867, 45.8566125323665, 45.8502905291199, 45.845578, 45.84753, 45.835962, 
45.8359407146783, 45.834718, 45.828135, 45.8280408039571, 45.824365, 45.8206048709294, 45.8124817188485, 45.811902, 45.7909960828741, 45.785152, 45.773152, 45.761951, 45.7435045782538, 45.725951, 45.725903582393, 45.72125, 45.72015, 45.71105, 45.699249, 45.6962407125498, 45.694449, 45.700048, 45.709848, 45.7336759670199, 45.738348, 45.746547, 45.745847, 45.7372486812962, 45.730147, 45.715847, 45.706446, 45.686246, 45.6758434879127, 45.671545, 45.661242, 45.6500815780723, 45.642945, 45.640045, 45.641301218792, 
45.641345, 45.656445, 45.656745, 45.649345, 45.6486997206105, 45.648344, 45.653217, 45.650998, 45.6518925846144, 45.652549, 45.6509451315419, 45.647893, 45.623134, 45.620664809209, 45.6200620916548, 45.618117, 45.616067, 45.6153949206591, 45.6150366628937, 45.6124956073897, 45.6115234451053, 45.609762, 45.611962, 45.6112362771232, 45.607886, 45.606098, 45.6061542691238, 45.606441, 45.616689, 45.6206319670926, 45.629513, 45.6350456589765, 45.6479256882537, 45.649829, 45.6512159055972, 45.6559982544447, 
45.671238, 45.6717357273805, 45.67839, 45.687019, 45.6907187476547, 45.699925, 45.704949, 45.7042362225356, 45.7034861389801, 45.703111, 45.6992977172998, 45.692887, 45.69399, 45.6973034385521, 45.701367, 45.7036292560113, 45.7113685797871, 45.7125401610082, 45.718449648523, 45.7184501847691, 45.720846, 45.7228135043382, 45.724677, 45.7249021020319, 45.725206204786, 45.7263456264124, 45.726541, 45.7262851537756, 45.7199305336332, 45.709532447531, 45.7072500162678, 45.704657, 45.7047364355389, 45.705082, 
45.7030807428963, 45.694809, 45.6946881803028, 45.694039, 45.7037875162784, 45.706761, 45.7008135071908, 45.7002900029046, 45.6954401547252, 45.693277, 45.6877427766884, 45.6877301463022, 45.6867760065839, 45.670716, 45.6656431215773, 45.662353021086, 45.662009, 45.6583215914573, 45.654399, 45.6491618990508, 45.6480726446304, 45.6460394630971, 45.6454218202563, 45.644169, 45.644951, 45.643559, 45.6359407622737, 45.632784, 45.6310879986854, 45.624839, 45.622812, 45.61593, 45.615151, 45.609516, 45.5841961560057, 
45.583516, 45.581409, 45.5819028054531, 45.5824937670883, 45.5825441957297, 45.582617, 45.582573, 45.582967, 45.582945, 45.584508, 45.5803711516712, 45.577696, 45.5672822170685, 45.564141, 45.5477731000169, 45.547745, 45.5450981314783, 45.544321, 45.543841, 45.5435418617228, 45.543541, 45.548241, 45.5557737334935, 45.558502299525, 45.5598154063259, 45.569441, 45.5740234392524, 45.575941, 45.5755594821359, 45.574541, 45.573773865758, 45.5726047893983, 45.5710983445711, 45.567633, 45.5667315782601, 
45.563585, 45.567313, 45.5680385200064, 45.5763596113033, 45.5768358833278, 45.578305, 45.5786549714616, 45.579761, 45.583281, 45.5840412856794, 45.5857271298886, 45.5859286680353, 45.5863852490324, 45.589632, 45.5961361625816, 45.596768, 45.597046180342, 45.5971575305686, 45.5972163813798, 45.5974429961583, 45.60394, 45.6041005214526, 45.6047425360023, 45.6052506713647, 45.6066747858137, 45.607639, 45.6078989364008, 45.6084512952718, 45.6092842265807, 45.6097052478063, 45.609739, 45.618039, 45.6180749177674, 
45.6181716961221, 45.6181727840074, 45.624739, 45.6248043663789, 45.6248398415968, 45.6249517318773, 45.637438, 45.644138, 45.6468852157137, 45.6564319354118, 45.657138, 45.680437, 45.6980030214684, 45.699637, 45.7285767375573, 45.734413, 45.7503749615244, 45.759163, 45.780583, 45.7818399456152, 45.7912471031522, 45.7931190007658, 45.81, 45.815216, 45.825024, 45.844216, 45.850536, 45.8580968659956, 45.8643529779321, 45.867699, 45.8799839554795, 45.8827157050054, 45.884333, 45.8864317772246, 45.9060409527215, 
45.9096628567015, 45.912725, 45.9138572891451, 45.932416, 45.9530906006144, 45.9544589188485, 45.960984, 45.9772814418892, 45.98082, 45.9825279259201, 45.9957858962593, 46.0031812331488, 46.0038262451976, 46.014469, 46.0206978417551, 46.0309510655119, 46.031281, 46.0459738715663, 46.0539089971682, 46.06028, 46.0620178719878, 46.0823438200884, 46.083734, 46.0932176196546, 46.0957210097252, 46.0965350318481, 46.104817, 46.1076189726297, 46.133823, 46.136043, 46.13911, 46.1394405031111, 46.144336, 46.146351, 
46.153599, 46.1539716651353, 46.1633673272527, 46.177676, 46.185268, 46.1855486659199, 46.188973, 46.172541, 46.167682, 46.164287, 46.160968, 46.156452, 46.144843, 46.1447918105845, 46.144632, 46.1447065181102, 46.146132, 46.146183, 46.145065, 46.146305, 46.1463246103232, 46.146372, 46.1493901711093, 46.150998, 46.154428, 46.1759919270221, 46.181571, 46.2149296981237, 46.2232991346567, 46.229348, 46.2381989727856, 46.249832, 46.2616183143491, 46.264531, 46.267831, 46.269131, 46.271004, 46.266153, 
46.263404, 46.26061, 46.259109, 46.249189718724, 46.249018, 46.2440783047485, 46.243426, 46.2411236261581, 46.2399991451529, 46.2389222976905, 46.2372200132357, 46.234833999742, 46.230525, 46.2271628825448, 46.226328, 46.224749, 46.2241370262866, 46.2180120017887, 46.2177131283153, 46.217612, 46.21531, 46.2144167044063, 46.2141565865164, 46.213172, 46.213172, 46.214652, 46.216296, 46.218228, 46.215474, 46.212401, 46.198203, 46.1962510864866, 46.1899422023193, 46.189812, 46.188989, 46.195077, 46.201257, 
46.203961, 46.206099, 46.2078971118656, 46.211444876662, 46.2126917943508, 46.213001, 46.211033, 46.206263, 46.2061597507488, 46.204454, 46.2040782109177, 46.2009210048158, 46.2004543765755, 46.19854, 46.1975788702633, 46.196283, 46.1961830260409, 46.1952595302013, 46.1916948630969, 46.190293, 46.1905845016097, 46.1919917346706, 46.1920589650581, 46.192211, 46.1926230848326, 46.19268, 46.1910179139907, 46.1884650404039, 46.1884653420327, 46.190757, 46.1902390225767, 46.1899260516359, 46.1896117087546, 
46.189527, 46.1886420966082, 46.187674, 46.183395, 46.1823480586939, 46.180379, 46.1787413026305, 46.1762489243327, 46.1760307507397, 46.1746064805633, 46.1720994025596, 46.171545, 46.1714205992311, 46.1710847122524, 46.171051, 46.1709164737443, 46.1700320231959, 46.170013, 46.168498, 46.168457353916, 46.166607, 46.162163, 46.160529, 46.1594863981209, 46.158705, 46.1586398125733, 46.157342, 46.1575352432675, 46.1579121278649, 46.1582100767413, 46.1582557524132, 46.158597, 46.162821, 46.168089, 46.168747, 
46.164978, 46.168704, 46.174343, 46.176812, 46.18069, 46.190589, 46.1907284574343, 46.1916126846683, 46.191617, 46.1963713115409, 46.2012526237396, 46.202219, 46.2056637980039, 46.20577, 46.207159, 46.207916, 46.2081796525491, 46.212678, 46.206921, 46.2072359367303, 46.208237, 46.209224, 46.216461, 46.219092, 46.220408, 46.224132, 46.2256226097385, 46.22715, 46.2284847890972, 46.22978, 46.233726, 46.236416, 46.2372972813264, 46.23833, 46.23685, 46.2323135570519, 46.230109, 46.2267113784206, 46.223514, 
46.2149401444477, 46.2039994958794, 46.20399, 46.1942026824582, 46.187986761184, 46.173895405281, 46.168798, 46.1500035077577, 46.1493573509761, 46.1460979734688, 46.141675, 46.116131, 46.0985512214542, 46.0975516365884, 46.071672, 46.0467937578809, 46.0459474738307, 46.041978, 46.038830501984, 46.032939676254, 46.0153031276061, 46.0114217704711, 46.010474, 46.009564, 45.9896314000151, 45.9809350830733, 45.978971753744, 45.977306, 45.9773040983659, 45.97566, 45.97561, 45.974469, 45.9744622868044, 
45.969139, 45.966328, 45.962858, 45.961683, 45.959261, 45.956129, 45.952828, 45.951157, 45.94906, 45.946431, 45.942494, 45.938842, 45.93575, 45.935011, 45.933217, 45.931092, 45.930863, 45.928564, 45.923825, 45.918179, 45.917156, 45.915345, 45.910211, 45.9091893558919, 45.907807, 45.9077737308722, 45.8933296722535, 45.892344, 45.8883409650687, 45.884782, 45.8835462531041, 45.881946, 45.8730327305057, 45.869974, 45.863891, 45.8589678554596, 45.856809, 45.8496510568325, 45.847203, 45.837101, 45.80642, 
45.802941, 45.798472, 45.7830789476988, 45.779837, 45.777508, 45.774836, 45.772913, 45.768968, 45.768044, 45.76251, 45.762156, 45.764141, 45.7595095505395, 45.758296, 45.755753, 45.751041, 45.74362, 45.741733, 45.7397038636989, 45.737627056936, 45.733249, 45.7279857578689, 45.727031, 45.7252407438024, 45.7182519363268, 45.711905, 45.703595975066, 45.6953694013621, 45.688975, 45.6713049498647, 45.662926, 45.656384, 45.6562826586659, 45.653229, 45.6514146130328, 45.6452345665112, 45.6424200633459, 
45.629989863645, 45.6115012952122, 45.6052307430445, 45.5997729583602, 45.5986233755376, 45.5951497614807, 45.5895762299524, 45.586296, 45.571303, 45.5697760807077, 45.5676598695919, 45.5670316724116, 45.5659716071654, 45.565544, 45.564829, 45.5623792831736, 45.5487144284488, 45.545389, 45.5370963894886, 45.510399, 45.497175, 45.493417, 45.493507, 45.489733, 45.4870114900121, 45.486854, 45.4852139048169, 45.4831227958426, 45.482538, 45.481634, 45.4768831419201, 45.473123, 45.4724857265356, 45.471421, 
45.4712661853439, 45.4678668620106, 45.467333, 45.449112, 45.4446362942545, 45.443207, 45.4356126650042, 45.430778, 45.386242, 45.354791, 45.3485742170505, 45.3481640008385, 45.347724, 45.33974, 45.336813, 45.338854, 45.33689, 45.3281063281103, 45.3175073597733, 45.317026, 45.3160674015395, 45.2951302262421, 45.281073, 45.278013, 45.271444, 45.2341520625869, 45.226849, 45.21933, 45.216145, 45.2025015176212, 45.201217, 45.2006433482882, 45.1952852386477, 45.172728, 45.159582575209, 45.1580783479947, 
45.155391734833, 45.145476, 45.1426915261005, 45.1384584412287, 45.1008197766356, 45.094045, 45.090167, 45.084232, 45.084736, 45.076921, 45.064759, 45.0501543415617, 45.049808, 45.047969, 45.047266, 45.045114, 45.0449987048377, 45.042931, 45.038214, 45.033485, 45.0316059280055, 45.026111, 45.023823, 45.016721, 45.0151383849173, 45.0088521934298, 45.0011056013857, 45.0006905203016, 44.9979354140053, 44.9946244571541, 44.9873098492237, 44.982904, 44.9788139127336, 44.9776965160156, 44.9757861141132, 
44.9754897961224, 44.9626480717717, 44.949825, 44.9490377737797, 44.9415560608816, 44.9414756811252, 44.936542, 44.9325110520331, 44.928175, 44.9270600245102, 44.9269839736841, 44.9259965190944, 44.923994208644, 44.900809, 44.8842041158734, 44.874869614226, 44.8627211737143, 44.8589587771585, 44.8541760812018, 44.850007, 44.839102683012, 44.838233, 44.8355124791867, 44.834438, 44.830563, 44.8300244177806, 44.8261925761021, 44.8260228314602, 44.824674, 44.8209877568625, 44.8204125420102, 44.8197345446305, 
44.8191507867329, 44.817815, 44.814069, 44.8123385053927, 44.812224, 44.8095689172014, 44.8094729907543, 44.80531, 44.804638, 44.8040356207465, 44.8039609225119, 44.798107, 44.7980431891997, 44.794318, 44.791053, 44.7892722460794, 44.778483350406, 44.771403, 44.767806, 44.7640400387369, 44.762671, 44.760618, 44.7591722239063, 44.753678, 44.748465, 44.746081, 44.7460174197955, 44.7452619490986, 44.745076, 44.741044, 44.7377481813923, 44.735163, 44.716027, 44.712957420176, 44.703177, 44.6955669500131, 
44.683094, 44.677917, 44.6772, 44.67565, 44.673183, 44.673061, 44.672442, 44.669361, 44.6632651122575, 44.658866, 44.658743219609, 44.6438157219045, 44.6392226043931, 44.632504, 44.627851, 44.62222, 44.6221223504817, 44.617991, 44.6172498737895, 44.6169340186072, 44.615277011887, 44.6133979368088, 44.612979, 44.60804, 44.599001416354, 44.59828090129, 44.596162, 44.5914886334322, 44.589930414375, 44.5730719553915, 44.5729151460762, 44.5725327387105, 44.5667836630426, 44.5596389307304, 44.5565366125002, 
44.5434988630941, 44.531606, 44.531214, 44.5242600339205, 44.5222003106453, 44.521985, 44.5150207527008, 44.5128721885308, 44.501123, 44.4995727816967, 44.486927, 44.4822241742557, 44.477952, 44.4765931734053, 44.4624169275216, 44.4549692934339, 44.4425852102844, 44.440011, 44.430404, 44.4274701974254, 44.423136738616, 44.420221, 44.4167190909056, 44.405185, 44.4032457820755, 44.3866135280492, 44.371610192405, 44.37059, 44.3411180393286, 44.331926, 44.3252125340905, 44.321848, 44.318391, 44.314545, 
44.309926, 44.3098331711722, 44.3038814406453, 44.303707, 44.2988659489304, 44.29598844721, 44.2930815156168, 44.2917054204253, 44.2898422149534, 44.286486, 44.283236, 44.2830102235325, 44.2803640389586, 44.277953, 44.276194, 44.274641, 44.272721, 44.270597, 44.265475, 44.260489, 44.255421, 44.249408, 44.245977, 44.24275, 44.235071, 44.221742, 44.2167, 44.206554, 44.198164, 44.1904979663121, 44.185962, 44.171913, 44.142519, 44.141892, 44.139211, 44.137549, 44.136034, 44.1341, 44.12613, 44.122027, 
44.119776, 44.117217, 44.114417, 44.11123, 44.105834, 44.0928706736351, 44.092848, 44.065967, 44.0485338927156, 44.042125, 44.029599708113, 44.023007, 44.021001465565, 44.018314106891, 44.0174173436398, 44.013606, 43.995325, 43.958437, 43.91085, 43.8637200341693, 43.8315479200854, 43.808955, 43.767228, 43.706674, 43.706137, 43.689555, 43.674021, 43.6691103603323, 43.666628, 43.659922, 43.6547163514708, 43.653347, 43.627619, 43.6109319633736, 43.5625784778939, 43.562393, 43.502172, 43.454557493182, 
43.4519245921396, 43.436296, 43.388389, 43.366559, 43.3518517621858, 43.3516692798317, 43.351517, 43.342667, 43.338953, 43.334231, 43.332848, 43.32773, 43.325968, 43.323216, 43.315651, 43.305872, 43.302121, 43.30224, 43.29926, 43.290523, 43.27749, 43.2727944798235, 43.270167, 43.223908, 43.219626, 43.2112497264283, 43.211101, 43.184896, 43.126859, 43.1259008249145, 43.123196196692, 43.1224320746407, 43.1223794835931, 43.1214526390493, 43.1192962958747, 43.1160189545964, 43.115986, 43.114292094968, 
43.114016, 43.111948449848, 43.111397, 43.108563, 43.104678, 43.097383, 43.0923284181646, 43.089734, 43.0895749921129, 43.0891665340696, 43.085816, 43.0830942789349, 43.0830576333163, 43.081469, 43.071312, 43.031808, 43.0271390597407, 43.008349, 42.99143, 42.9543325389089, 42.951495, 42.917502, 42.879986, 42.879534, 42.876082, 42.875403, 42.87227, 42.869664, 42.862354, 42.856855, 42.854086, 42.851377, 42.847981, 42.843616, 42.840568, 42.838429, 42.838038, 42.840876, 42.836392, 42.834164, 42.834298, 
42.830144, 42.822958, 42.814175, 42.8121716936513, 42.8063386170557, 42.7903258228045, 42.789793, 42.770865, 42.755653, 42.745827, 42.744038, 42.736806, 42.7361851299807, 42.732949, 42.733124, 42.7332459335508, 42.735337, 42.73645, 42.7395367701631, 42.739758, 42.738606, 42.741077, 42.741789, 42.7415630136265, 42.7408197969783, 42.737043, 42.7351234428017, 42.732671, 42.723821, 42.719533, 42.717283, 42.714106, 42.711488, 42.707486, 42.702166, 42.697079, 42.694369, 42.691953, 42.689819, 42.68474, 
42.6840670501793, 42.677787, 42.675798, 42.670837, 42.669958, 42.666605, 42.663285, 42.661594, 42.657934, 42.649485, 42.645795, 42.640715, 42.6399214168692, 42.63821, 42.6370463026186, 42.636517, 42.631415, 42.628966, 42.627192, 42.620088, 42.618079, 42.6156607610009, 42.610005, 42.6094357317957, 42.6041213762404, 42.601872, 42.6017953647057, 42.601175, 42.5996798871165, 42.597676, 42.594702, 42.5947107450975, 42.594815, 42.591139, 42.592077, 42.591926, 42.589587, 42.584732, 42.582061, 42.578512, 
42.577054, 42.576755, 42.574758, 42.568218, 42.561716, 42.546728, 42.543366, 42.53828, 42.5246814209893, 42.5141969546748, 42.513378, 42.499678, 42.496427, 42.491737, 42.48998, 42.485061, 42.478952, 42.478611, 42.476345, 42.475608, 42.470417, 42.465439, 42.46346, 42.462132, 42.461226, 42.45735, 42.447516, 42.443810056608, 42.441926, 42.43718, 42.4243844827095, 42.423998, 42.4206421965775, 42.417776, 42.409373, 42.4062484892051, 42.3984592917688, 42.3960674941724, 42.395569, 42.3770733517197, 42.376993, 
42.352029, 42.341532, 42.338918, 42.33488, 42.331746, 42.33072, 42.329094, 42.323976, 42.321101, 42.318857, 42.319569, 42.322026, 42.320412, 42.316757, 42.3165467195983, 42.315527, 42.3108882686848, 42.307393, 42.305175, 42.301818, 42.298652, 42.2940622823304, 42.2835104247665, 42.280354, 42.2796049322341, 42.2793317001837, 42.2745865387344, 42.260588, 42.2586045367883, 42.257678, 42.254115, 42.2523189355914, 42.252164, 42.250547, 42.245129, 42.242802, 42.240081, 42.239938, 42.23515, 42.233345, 42.232105, 
42.229427, 42.228076, 42.22716, 42.223888, 42.218809, 42.213643, 42.21119, 42.208971, 42.2083585309466, 42.2069061700602, 42.206111, 42.201109, 42.1980156545225, 42.196381, 42.1958522660341, 42.195752, 42.1929879593305, 42.191349, 42.1888134833192, 42.18862, 42.1841230262158, 42.183612, 42.182839, 42.180752, 42.176704, 42.171991, 42.169219, 42.166086, 42.162272, 42.158588, 42.15845, 42.157378807012, 42.1527469912313, 42.152343, 42.150856063523, 42.143767, 42.1437747172749, 42.143848, 42.142132, 42.139691, 
42.134965, 42.129796, 42.124095, 42.121595, 42.119711, 42.118016, 42.114952, 42.113635, 42.113293, 42.110662, 42.108014, 42.104692, 42.103539, 42.100213, 42.100215, 42.100039, 42.097922, 42.094295, 42.092929, 42.087445, 42.085958, 42.085405, 42.0851556149195, 42.0825671223039, 42.081665, 42.0798567258953, 42.076291, 42.07423159375, 42.0730712835003, 42.072297, 42.0688524167975, 42.068205, 42.0681793680017, 42.0655839003804, 42.065277, 42.064801, 42.060886, 42.055806, 42.051736, 42.051343, 42.0495371381853, 
42.048876, 42.04764, 42.0478078294748, 42.048449, 42.0480183838992, 42.046997, 42.0464816379254, 42.044650646595, 42.043979, 42.0447352398387, 42.045346, 42.045397, 42.0450543427124, 42.04427, 42.044316, 42.045967, 42.0456060593353, 42.045553, 42.0452928294818, 42.042284325311, 42.040923, 42.0355254170773, 42.034578, 42.0318407933911, 42.031573, 42.029218, 42.0263009197314, 42.026, 42.0253761062006, 42.02522, 42.023814, 42.0225828218138, 42.0224804807524, 42.0220336940785, 42.018688, 42.0179705706356, 
42.0177757208797, 42.015156, 42.013206, 42.0125, 42.007916, 42.0045642842939, 41.99846, 41.997015, 41.99681, 41.996662, 41.9966281719663, 41.996138, 41.9961337074385, 41.996116, 41.9956172960188, 41.995194, 41.9956714827807, 41.9957702035775, 41.995834, 41.997056, 41.9968696140612, 41.995369748385, 41.995094, 41.998714371006, 41.99977, 41.9997823900575, 42.000626, 42.0007301112694, 42.00076, 42.0007581373596, 42.0007141969984, 42.000661, 42.000608, 42.0004733890696, 42.0001117594864, 42.0001082216567, 
41.999276, 41.9993825981084, 42.003364, 42.0039324384249, 42.005789, 42.008761, 42.00816, 42.0078349527224, 42.0065873199631, 42.005064, 42.00482, 42.003084, 42.003377680638, 42.003507, 42.0035150173241, 42.003549947851, 42.0037712404909, 42.003785, 42.0038268265009, 42.0038869183156, 42.0039200299812, 42.003945, 42.004141, 42.0041828177379, 42.004211, 42.004687, 42.0048172322062, 42.005036, 42.0055939147516, 42.0072182689194, 42.007518, 42.008121, 42.00838, 42.0087619451744, 42.0088841177502, 42.009485, 
42.0093276173603, 42.008609, 42.0081011637255, 42.0080899334738, 42.0080194929245, 42.007618, 42.0075287838827, 42.0073583154912, 42.0073336547187, 42.007264, 42.006552, 42.0055684414635, 42.005339, 42.004696, 42.0038830550184, 42.0037640563603, 42.003485, 42.0035463939955, 42.003808, 42.0031938918199, 42.0024146243105, 42.002122, 42.0017970662217, 42.000608, 42.0004119646647, 42.000378935309, 42.0002587425234, 41.9996959017128, 41.9995997702374, 41.9992922202857, 41.9992909902104, 41.999164, 41.9983223656297, 
41.998316, 41.9974692924328, 41.997327, 41.996493, 41.996214, 41.996798, 41.997018172313, 41.997356, 41.9973551967565, 41.9973551955413, 41.9973071788576, 41.997228, 41.996125, 41.995871512136, 41.9955110077116, 41.995314, 41.993308, 41.993023, 41.993492, 41.9937643415584, 41.993772, 41.9937957174251, 41.993809, 41.9937231450521, 41.9935925855251, 41.99357, 41.993029, 41.993225, 41.9935136523275, 41.993613, 41.993606049743, 41.9931391904968, 41.992599596691, 41.9925995898795, 41.992586, 41.993143, 
41.992771, 41.9928957238404, 41.9929801905817, 41.9937924564824, 41.994452, 41.9945608770155, 41.994566063361, 41.99485, 41.9948937861312, 41.994944, 41.995709, 41.997199, 41.997641, 41.997281, 41.997544, 41.9972975847538, 41.996296, 41.9956733356542, 41.995478, 41.994384, 41.9943837248054)), list(c(-124.32405, -124.323739, -124.323765, -124.323287, -124.322719, -124.322087, -124.321432, -124.321095, -124.321173, -124.32138, -124.321536, -124.321769, -124.322417, -124.323214, -124.323889, -124.32405, 
42.065785, 42.065188, 42.064438, 42.064124, 42.064104, 42.064226, 42.064573, 42.065034, 42.065612, 42.066016, 42.066766, 42.067305, 42.067459, 42.067318, 42.066648, 42.065785)), list(c(-124.427251, -124.42693, -124.426126, -124.425556, -124.425038, -124.424856, -124.42496, -124.424934, -124.425349, -124.426074, -124.426878, -124.427244, -124.427251, 42.313704, 42.312846, 42.312596, 42.312673, 42.312826, 42.313325, 42.314091, 42.314781, 42.315299, 42.315529, 42.315107, 42.314462, 42.313704)), list(
    c(-124.477268, -124.476971, -124.476397, -124.475862, -124.475644, -124.474793, -124.474951, -124.475088, -124.474892, -124.475545, -124.475922, -124.476278, -124.476357, -124.47709, -124.477268, 42.666602, 42.666151, 42.665888, 42.665495, 42.665743, 42.666384, 42.666748, 42.667505, 42.668029, 42.668554, 42.668452, 42.667957, 42.667622, 42.66717, 42.666602)))
